id,Employee ID,First Name,Last Name,Department
,21001,Logan,McNeil,Executive Management Group
,21002,Steve,Morgan,Global Modern Services
,21003,Oliver,Reynolds,Executive Management Group
,21004,Maximilian,Schneider,Executive Management Group
,21005,Teresa,Serrano,Executive Management Group
,21006,Maria,Cardoza,Human Resources
,21007,Jacqueline,Desjardins,Human Resources
,21008,Betty,Liu,Human Resources
,21009,Pedro,Santiago,Human Resources
,21010,Lillian,Chu,Benefits Department
,21011,Isabel,Arguello,Payroll Department
,21012,Norman,Chan,Payroll Department
,21013,David,Spiegel,Payroll Department
,21014,James,Moore,Recruiting Department
,21015,Daniel,Betancourt,Workforce Planning Department
,21016,Chad,Anderson,Benefits Department
,21017,Sara,Goldstein,Office of the Controller
,21018,Jerome,Williams,Accounts Payable Department
,21019,Angela,Mora,Accounts Receivable Department
,21020,Andrew,Walton,Tax Department
,21021,Anthony,Rizzo,Information Technology
,21022,Marc,Johansson,Information Technology
,21023,Jack,Taylor,IT Services Group
,21025,Jeff,Gordon,IT HelpDesk Department
,21026,Jared,Ellis,IT Services Group
,21027,Noah,Pierce,Finance & Administration
,21028,John,Chen,Finance & Administration
,21029,Kurt,Braun,Legal
,21030,Emily,Mills,Legal
,21031,Sean,McGovern,Legal
,21032,Dana,Marek,Legal
,21033,Timothy,Perkins,IT Operations Group
,21034,Julie,Bowles,IT Operations Group
,21035,Colin,Drake,Network & Telecom Department
,21036,Joey,Kowalski,Sales & Marketing
,21037,Yumiko,Sato,Sales & Marketing
,21038,Angela,Bianchi,Sales
,21039,Jordan,Hsia,Sales
,21040,James,Brooks,Operations
,21041,Arjun,Bhat,Accounts Receivable Department
,21042,Brad,Harper,Research & Development
,21043,Matt,Eklund,Research & Development
,21044,Stephanie,Astor,Research & Development
,21045,Nathan,Moore,Accounts Payable Department
,21046,James,Walker,Corporate Accounting
,21047,Kumar,Chopra,Product Development Group
,21048,Mitch,Zimmermann,Product Development Group
,21049,Madeline,Fleming,Field Sales - North America Group
,21050,Brandon,Harris,Field Sales - North America Group
,21051,Juan,Delgado,Field Sales - North America Group
,21052,Jennifer,Carter,Field Sales - North America Group
,21053,Jake,Lee,Executive Management Group
,21054,Gavin,Li,Inside Sales Group
,21055,Melissa,Hartman,Corporate Accounting
,21056,Joel,Baker,Product Strategy Group
,21058,Michael,Yang,Product Strategy Group
,21059,Philip,Spalding,Product Management Group
,21060,Barbara,Palmer,Product Management Group
,21061,Pablo,Morales,Product Strategy Group
,21063,Dennis,Tucker,Product Development Group
,21064,Michael,Sachs,Inside Sales Group
,21065,Heather,Jennings,Inside Sales Group
,21066,Grace,Park,Inside Sales Group
,21067,Cheryl,Edwards,Field Sales - North America Group
,21068,Donna,Owens,Field Sales - North America Group
,21069,Rodrigo,Sanchez,Field Sales - North America Group
,21070,Marco,Silva,Sales Operations Group
,21071,Neal,Jackson,Field Sales - North America Group
,21072,Charles,Bradley,Risk Management
,21073,Kyle,Hopkins,Corporate Accounting
,21074,Julia,Brant,Sales Operations Group
,21075,Susan,Steinberg,Operations
,21076,Elsa,Ramos,Global Support Center
,21077,Katarina,Lindgren,Global Support Center
,21078,Nikhil,Rao,Global Support Center
,21079,Scott,Wilkinson,Global Support Center
,21080,Jacob,Reid,Workstation Support Department
,21081,Carmen,Cortes,Recruiting Department
,21082,Alex,Grossman,Risk Management
,21084,Jill,Cole,Workforce Planning Department
,21085,Kevin,Gibson,IT Services Group
,21086,Patrick,O'Brien,Finance & Administration
,21087,Megan,Cook,Tax Department
,21088,Christine,Nguyen,Operations
,21089,Joann,Fisher,Accounts Receivable Department
,21090,Alvin,Hwang,Information Analysis Department
,21091,Mark,Navarro,Sales
,21092,Nicole,Williams,Product Development Group
,21093,Sherry,Voigt,Purchasing Department
,21094,Michael,Choi,Purchasing Department
,21095,Victoria,Evans,Corporate Accounting
,21096,Joan,Simmons,Program Management
,21097,Gail,Bradley,Program Management
,21098,Robin,Sanders,Operations
,21099,Jack,Clark,Program Management
,21100,Peter,Neumann,Program Management
,21101,Lisa,Woolbright,Marketing
,21102,George,Harris,Marketing
,21103,Eric,Lazlo,Marketing
,21104,Adrian,Martin,Marketing Communications Group
,21105,Jason,Boyle,Marketing Services Group
,21106,Maria,Hernandez,Office Management Department
,21107,Victor,Sabbatini,Office Management Department
,21108,Ashanti,Singh,Office Management Department
,21109,Jessica,Crawford,Office Management Department
,21110,Gary,Pineda,Office Management Department
,21111,James,Mason,Office Management Department
,21112,Kristin,Sanderson,Property Management - NA Department
,21113,Jeremy,Miller,Property Management - NA Department
,21114,Audrey,Novak,Property Management - NA Department
,21115,Jon,Westbrook,Property Management - NA Department
,21116,Gina,Brown,Property Management - NA Department
,21117,Amanda,Baker,Property Management - NA Department
,21118,Ben,Adams,Property Management - NA Department
,21119,Kelly,Brown,Operations
,21120,Anthony,Chong,Global Support - JAPAC Group
,21121,Charlotte,Ryan,Global Support - JAPAC Group
,21122,Hiroshi,Yoshida,Global Support - JAPAC Group
,21123,Sharon,Kwang,Global Support - Southeast Asia Group
,21125,Kumiko,Sato,Global Support - Japan Group
,21126,Bjîrn,Eklund,Global Support - Nordics Group
,21127,Daljit,Singh,Global Support - UK & Ireland Group
,21129,Emma,Hobson,Global Support - UK & Ireland Group
,21130,Nicolas,Bonnet,Global Support - France Group
,21131,Phoebe,Tyler,Global Support - UK & Ireland Group
,21132,Alain,DuBois,Global Support - North America Group
,21133,Darcy,Chan,Global Support - Canada Group
,21134,Camille,DeVeaux,Global Support - Canada Group
,21135,Dylan,Johnson,Global Support - Canada Group
,21136,Enrique,Castillo,Global Support - LATAM Group
,21137,Hector,Torres,Global Support - LATAM Group
,21138,Ines,Alvarez,Global Support - LATAM Group
,21139,Isabelle,Blanc,Field Sales - North America Group
,21140,Ryan,Taylor,Field Sales - North America Group
,21141,Joyce,Sandoval,Sales & Marketing
,21142,Aidan,Mitzner,Finance & Administration
,21143,Brian,Sullivan,HR Operations Americas Group
,21144,Dawn,Myers,HR Operations Americas Group
,21145,Robert,Hsing,Human Resources
,21147,Kim,Slater,Financial Planning & Analysis
,21148,Yolanda,Torres,HR Operations Americas Group
,21150,Tyler,Ross,Field Sales - North America Group
,21151,Melanie,Watson,Field Sales - North America Group
,21152,Laurie,Jenkins,Global Support - USA Group
,21153,Amanda,Mackenzie,Product Management Group
,21154,William,Kent,Product Development Group
,21155,Leila,Ortiz,Product Development Group
,21156,Stanley,Lawrence,Product Development Group
,21157,Evelyn,Welch,Information Technology
,21160,Sheila,Xu,Global Support - Greater China Group
,21161,Bettina,Strauss,Global Support - EMEA Group
,21162,Alberto,Bassani,Global Support - Central & Southern Europe Group
,21163,Benny,Marquez,Global Support - Southeast Asia Group
,21164,Hema,Iyer,Global Support - JAPAC Group
,21165,Jonathan,Quinn,Field Marketing Group
,21166,Matt,Knox,Marketing Communications Group
,21167,Camilla,Stewart,Sales
,21168,Sophie,Burgess,Field Sales - EMEA Group
,21169,Benjamin,Green,Field Sales - EMEA Group
,21171,Peter,Gao,Sales
,21172,Carlos,Alves,Sales
,21173,Amit,Kapoor,Network & Telecom Department
,21174,Catherine,Gibson,Facilities Group
,21175,Enrique,Vasquez,Facilities Group
,21177,Dieter,Zimmermann,Field Sales - EMEA Group
,21178,Marie,Durand,Field Sales - EMEA Group
,21179,Richard,Hoe,Network & Telecom Department
,21180,Margaret,Granger,Office Management Department
,21181,Lakshmi,Jains,Office Management Department
,21182,Bhavani,Bhaskar,Field Sales - Asia/Pac Group
,21183,Jonathan,Mai,Field Sales - Asia/Pac Group
,21184,Ethan,Kelly,Field Sales - Asia/Pac Group
,21185,Nobu,Matsuda,Field Sales - Asia/Pac Group
,21186,Yolanda,Valdez,Office Management Department
,21187,Fernando,Diaz,Network & Telecom Department
,21188,Marcelo,Costa,Field Sales - LATAM Group
,21189,Lisa,Morales,Field Sales - LATAM Group
,21190,Eduardo,Silva,Field Sales - LATAM Group
,21191,Kevin,Turner,Property Management - NA Department
,21192,Keith,Barnes,Marketing Services Group
,21193,Darryl,Parker,Operations
,21194,Carol,Abbott,Consulting Services
,21195,Monica,Ang,Consulting Services
,21196,Juan-Carlos,Salazar,Consulting Services
,21197,Boris,MÅller,Consulting Services
,21198,Carol,Li,Technology Consulting - NA
,21199,Conor,Harrington,Consulting Services - North America Group
,21200,Antonio,Conti,Financial Services Consulting - NA
,21201,Amit,Patel,Technology Consulting - NA
,21202,Carl,Wu,Consulting Services - Asia/Pac Group
,21203,Maria,Zhu,Consulting Services - Asia/Pac Group
,21204,Raymond,Kim,Consulting Services - Asia/Pac Group
,21205,Dylan,Shaw,Consulting Services - EMEA Group
,21206,Roger,Jouvet,Consulting Services - EMEA Group
,21207,Luciana,Duarte,Consulting Services - LATAM Group
,21208,Fiona,Reyes,Consulting Services - LATAM Group
,21213,Tammy,Calhoun,Payroll Department
,21219,Ajay,Mokashi,Global Support - Greater India Group
,21220,Anish,Majoo,Global Support - Greater India Group
,21222,Amelia,Casias,Global Support - North America Group
,21223,Brian,Kaplan,Global Support - USA Group
,21224,Georgia,Fan,Global Support - Greater China Group
,21225,Meredith,Baxter,Workforce Planning Department
,21226,Lara,Weber,Consulting Services - EMEA Group
,21227,Daniel,Hall,Consulting Services - UK Group
,21228,Jia,Qin,HR Operations APAC Group
,21229,Leigh,Freidman,HR Operations EMEA Group
,21230,Manny,Soto,Global Support Center
,21231,Henry,Lynch,Human Resources
,21236,Grace,Lin,Consulting Services - Asia/Pac Group
,21237,Adam,Carlton,Payroll Department
,21238,Blair,White,Global Support - Canada Group
,21239,Alejandro,Ruiz,Global Support - UK & Ireland Group
,21240,Carolina,Souza,Global Support - LATAM Group
,21241,Elizabeth,Johnson,Payroll Department
,21242,HÇläne,Benoit,HR Operations Americas Group
,21243,Terry,Givens,Property Management - NA Department
,21244,Gwen,Carlisle,Planning & Analysis Department
,21245,Chao,Sung,Planning & Analysis Department
,21246,David,Martinez,Internal Systems Department
,21247,Michelle,Campano,Internal Systems Department
,21248,Laura,Estes,Internal Systems Department
,21249,Arjit,Mitra,Internal Systems Department
,21250,Troy,Bennett,Internal Systems Department
,21251,Austin,Jin,Internal Systems Department
,21252,Seamus,Doherty,Global Support - UK & Ireland Group
,21253,Hans,Visser,Global Support - EMEA Group
,21254,Edward,Huntington,Global Support - EMEA Group
,21255,Anders,Wahlstrîm,Global Support - EMEA Group
,21256,Habib,Al Manar,Global Support - EMEA Group
,21257,Allison,Hunter,Product Management Group
,21258,Randy,Chin,Product Development Group
,21260,Lotte,Bakker,Global Support - Benelux Group
,21263,Annika,Nilsson,Global Support - Nordics Group
,21266,Sam,Davies,Product Development Group
,21270,Jan,Smit,Field Sales - EMEA Group
,21271,Owen,Burke,Consulting Services - North America Group
,21274,Meg,Saunders,Global Support - North America Group
,21275,Stella,Bauer,Property Management - NA Department
,21276,Bruno,Gaudette,Property Management - NA Department
,21277,Hailey,Ward,Internal Systems Department
,21278,Oscar,Brown,Global Support - ANZ Group
,21279,Hideki,Saito,Global Support - Japan Group
,21280,Victorya,Blokov,Global Support - EMEA Group
,21281,Boris,Stepanek,Global Support - Eastern Europe Group
,21282,Stefania,Jaworski,Global Support - Eastern Europe Group
,21283,Florian,Peeters,Global Support - Benelux Group
,21284,Charles,Lewis,Operations
,21285,Tyler,White,Consulting Services - Asia/Pac Group
,21286,Isla,Koenig,Consulting Services - Asia/Pac Group
,21287,Caitlin,Jones,HR Operations APAC Group
,21288,ChloÇ,Ballantyne,Global Support - ANZ Group
,21289,Jen,Waters,Facilities Group
,21290,Cory,Young,Global Support - USA Group
,21291,Maury,Irwin,Property Management - NA Department
,21292,Dominic,Leclerc,Property Management - NA Department
,21293,Mason,Webb,Property Management - NA Department
,21294,Lars,Gundersen,Global Support - Nordics Group
,21295,Lincoln,Cook,Global Support - Canada Group
,21296,Andrea,Hillis,Internal Systems Department
,21297,Jacques,Lesage,Global Support - EMEA Group
,21298,Oscar,Bell,Facilities Group
,21299,Leo,Murray,Property Management - EMEA Department
,21300,Sandrine,Meunier,Global Support - France Group
,21301,Gaston,Renaud,Global Support - France Group
,21302,Emma,Erlandson,Property Management - EMEA Department
,21303,Arnaud,Breton,Property Management - EMEA Department
,21304,Edgar,Graaf,Property Management - EMEA Department
,21305,Lucy,Collins,Global Support - UK & Ireland Group
,21306,Anna,Bergman,Global Support - EMEA Group
,21307,Ines,Chapuis,Global Support - France Group
,21308,Gerard,Morgen,Global Support - Benelux Group
,21309,Todd,Hardy,Property Management - NA Department
,21310,Leah,Grant,Property Management - NA Department
,21311,Tom,Kerr,Property Management - NA Department
,21312,Suzanne,Tate,Global Support - Canada Group
,21313,Susilo,Perkasa,Global Support - Southeast Asia Group
,21314,Ian,Murray,Accounts Payable Department
,21315,Nicholas,King,Global Support - Australia Group
,21316,Lachlan,Benbow,Global Support - New Zealand Group
,21317,Marcus,Severino,Global Support - USA Group
,21318,Magnus,Hansen,Global Support - Nordics Group
,21319,Oona,MÑkinen,Global Support - Nordics Group
,21320,Dale,Tracy,Financial Services Consulting - NA
,21321,Juliette,Faber,Global Support - Benelux Group
,21322,MathÇo,Duval,Global Support - France Group
,21323,Hannah,Morton,Global Support - Australia Group
,21325,Saul,Jacobson,Facilities Group
,21326,Beverly,Atwell,Financial Services Consulting - NA
,21330,Deborah,Simpson,HR Operations Department
,21331,May,Singhaseni,Global Support - Southeast Asia Group
,21332,Ella,Phillips,Payroll Department
,21333,Dorothea,Ernst,Global Support - Central & Southern Europe Group
,21334,Gerhardt,Schmidt,Global Support - Central & Southern Europe Group
,21335,Gema Pertiwi,Saghalawa,Global Support - Indonesia Group
,21336,Martin,Davis,Corporate Accounting
,21337,Tina,Olson,Credit & Collections Department
,21338,Brett,Campbell,Credit & Collections Department
,21340,Will,Matthews,CPG Consulting - NA
,21341,Kylie,Winters,Business Services Consulting - NA
,21342,Bruce,Morton,CPG Consulting - NA
,21343,Laura,Andrews,Business Services Consulting - NA
,21344,Ava,Gonzalez,Executive Management Group
,21345,Callum,Elliott,Business Services Consulting - UK
,21346,Percy,Keith,Consulting Services - UK Group
,21347,Simon,Sterling,Consulting Services - UK Group
,21348,Stephanie,Harrison,Consulting Services - UK Group
,21349,Caroline,Lockhart,Financial Services Consulting - UK
,21350,James,Boyd,Financial Services Consulting - UK
,21351,Kieran,Patterson,Financial Services Consulting - UK
,21352,Mac,Kilpatrick,Financial Services Consulting - UK
,21353,Arwyn,Wright,Business Services Consulting - UK
,21354,Frances,Frazier,Consulting Services - UK Group
,21355,Charlotte,Cooper,Consulting Services - UK Group
,21356,Adesh,Shah,Consulting Services - UK Group
,21357,Chelsea,Wood,Business Services Consulting - UK
,21358,Eve,Wilson,Business Services Consulting - UK
,21359,Rebecca,Watson,Business Services Consulting - UK
,21362,Dean,Thomas,Consulting Services - North America Group
,21363,Janet,Childs,Consulting Services - North America Group
,21364,Jamie,Stone,Consulting Services - North America Group
,21365,Dustin,Worth,Consulting Services - North America Group
,21366,Leslie,Boudreau,CPG Consulting - NA
,21367,Joshua,Winston,Business Services Consulting - NA
,21368,Lara,Tobler,Global Support - Central & Southern Europe Group
,21369,Felix,Wieser,Global Support - Central & Southern Europe Group
,21370,Salim,Chabani,Call Center - France Group
,21371,Marc,Lemieux,Call Center - France Group
,21372,LÇa,FuriÇ,Call Center - France Group
,21373,Laurent,Toulemonde,Call Center - France Group
,21374,Didier,RÇmy,Call Center - France Group
,21375,Charlie,Smith,Property Management - APAC Department
,21376,Jiro,Suzuki,Consulting Services - Asia/Pac Group
,21377,Angela,Snodgrass,Property Management - NA Department
,21378,Benjamin,Leon,Property Management - NA Department
,21379,Lexi,Breton,Property Management - NA Department
,21383,Sophia,Kemp,Facilities Group
,21385,Yoko,Ito,Property Management - APAC Department
,21386,Harry,Lee,Property Management - APAC Department
,21387,Xiaoming,Wang,Property Management - APAC Department
,21388,John,Robinson,Information Technology
,21389,David,Roth,IT Operations Group
